[{
    "id":0,
    "title":"什么是微仓？",
    "content":"微仓是一种前置仓，是基于三公里社区生态圈的即时配送站。<br/><br/>每个微仓人员，只需要按时配送小碗健康平台分配的订单，即可获得收益。"
},
{
    "id": 1,
    "title": "如何上架商品？",
    "content": "微仓合伙人只需一键即可上架平台商品。<br/><br/>1.在市场中选择某商品，点击“+”即可进入发布确认页。<br/><br/>2.输入商品不同规格的本仓定价和本仓库存，点击“上架到我的仓库”即可完成商品的上架。<br/><br/>3.在“小仓”-“商品管理”中即可查看已上架的商品。<br/><br/>就是这么简单，你学会了吗？"
},
{
    "id": 2,
    "title": "如何推广？",
    "content": "在“小仓”-“推广”中即可选择自己微仓的海报，并可分享至微信好友/朋友圈"
},
{
    "id": 3,
    "title": "如何成为微仓合伙人？",
    "content": "请致电18201015728。"
    
},
{
    "id": 4,
    "title": "什么是订单自动确认？",
    "content": "平台给微仓分配的订单，需要微仓人员进行确认，以完成订单的指派。订单自动确认，是指系统自动帮微仓人员完成确认工作。"
}
]